{
  "checkpoint": "models/crack_seg_head_dinov3_1024.pt",
  "metadata": "models/crack_seg_head_dinov3_1024.json",
  "manifest": "data/processed/crack_seg_expanded/manifest.jsonl",
  "threshold": 0.95,
  "threshold_metric": "f0.5",
  "val": {
    "overall": {
      "iou": 0.5957619961133581,
      "dice": 0.7466802663108878,
      "f1": 0.7466802663108878,
      "precision": 0.7309942784839263,
      "recall": 0.7630542098551851,
      "accuracy": 0.990854855135706,
      "tp": 8790560,
      "fp": 3234924,
      "fn": 2729670,
      "tn": 637459118,
      "count": 622
    },
    "crackairport": {
      "iou": 0.5163887261078325,
      "dice": 0.6810769787681887,
      "f1": 0.6810769787681887,
      "precision": 0.6407478606630235,
      "recall": 0.7268237750764412,
      "accuracy": 0.9922740868562777,
      "tp": 2923794,
      "fp": 1639302,
      "fn": 1098906,
      "tn": 348756686,
      "count": 338
    },
    "crackforest": {
      "iou": 0.22543713674569466,
      "dice": 0.36792933719043613,
      "f1": 0.36792933719043613,
      "precision": 0.7666525940519748,
      "recall": 0.24204550022532195,
      "accuracy": 0.95834838019477,
      "tp": 228809,
      "fp": 69643,
      "fn": 716505,
      "tn": 17859411,
      "count": 18
    },
    "deepcrack_liu": {
      "iou": 0.742738849489509,
      "dice": 0.8523811237777541,
      "f1": 0.8523811237777541,
      "precision": 0.8347380920505014,
      "recall": 0.8707860657982979,
      "accuracy": 0.9892068211036392,
      "tp": 2581299,
      "fp": 511047,
      "fn": 383033,
      "tn": 79362125,
      "count": 79
    },
    "hf_crack": {
      "iou": 0.6706650734962576,
      "dice": 0.8028719629515376,
      "f1": 0.8028719629515376,
      "precision": 0.7497897298434915,
      "recall": 0.864042880292034,
      "accuracy": 0.9919004329415255,
      "tp": 2974802,
      "fp": 992713,
      "fn": 468085,
      "tn": 175919472,
      "count": 172
    },
    "masonry_crack": {
      "iou": 0.4895254612325449,
      "dice": 0.6572904914662887,
      "f1": 0.6572904914662887,
      "precision": 0.7865172857774276,
      "recall": 0.564535817982441,
      "accuracy": 0.9945730209350586,
      "tp": 81856,
      "fp": 22218,
      "fn": 63141,
      "tn": 15561425,
      "count": 15
    }
  },
  "test": {
    "overall": {
      "iou": 0.6102635754047472,
      "dice": 0.7579673101049369,
      "f1": 0.7579673101049369,
      "precision": 0.7188905009186525,
      "recall": 0.801536517825561,
      "accuracy": 0.9919287769397742,
      "tp": 8203069,
      "fp": 3207666,
      "fn": 2031111,
      "tn": 635626698,
      "count": 619
    },
    "crackairport": {
      "iou": 0.5212051426035278,
      "dice": 0.6852529326997807,
      "f1": 0.6852529326997807,
      "precision": 0.6333101921070295,
      "recall": 0.7464774048145092,
      "accuracy": 0.9921266799157027,
      "tp": 3028635,
      "fp": 1753595,
      "fn": 1028601,
      "tn": 347559281,
      "count": 337
    },
    "crackforest": {
      "iou": 0.453953643507926,
      "dice": 0.6244403259139415,
      "f1": 0.6244403259139415,
      "precision": 0.6959495828474029,
      "recall": 0.5662570574559946,
      "accuracy": 0.9895302828620461,
      "tp": 155155,
      "fp": 67785,
      "fn": 118846,
      "tn": 17484006,
      "count": 17
    },
    "deepcrack_liu": {
      "iou": 0.7404618260365795,
      "dice": 0.8508797090054846,
      "f1": 0.8508797090054846,
      "precision": 0.8367256983385931,
      "recall": 0.8655208164712593,
      "accuracy": 0.9904979754097855,
      "tp": 2245663,
      "fp": 438207,
      "fn": 348917,
      "tn": 79804717,
      "count": 79
    },
    "hf_crack": {
      "iou": 0.6630962575111087,
      "dice": 0.7974237865262943,
      "f1": 0.7974237865262943,
      "precision": 0.7452912817079069,
      "recall": 0.8573980677146933,
      "accuracy": 0.9923421904357553,
      "tp": 2702535,
      "fp": 923611,
      "fn": 449484,
      "tn": 175230866,
      "count": 171
    },
    "masonry_crack": {
      "iou": 0.39312320599963496,
      "dice": 0.5643767964048084,
      "f1": 0.5643767964048084,
      "precision": 0.7439297525850881,
      "recall": 0.4546448856368009,
      "accuracy": 0.9930235544840494,
      "tp": 71081,
      "fp": 24467,
      "fn": 85263,
      "tn": 15547829,
      "count": 15
    }
  },
  "comparison": {
    "dinov3_dense_head": {
      "iou": 0.6102635754047472,
      "dice": 0.7579673101049369,
      "f1": 0.7579673101049369,
      "precision": 0.7188905009186525,
      "recall": 0.801536517825561,
      "accuracy": 0.9919287769397742,
      "tp": 8203069,
      "fp": 3207666,
      "fn": 2031111,
      "tn": 635626698,
      "count": 619
    },
    "classical": {
      "iou": 0.0242160951092796,
      "dice": 0.047287081749473665,
      "f1": 0.047287081749473665,
      "precision": 0.07525048232430194,
      "recall": 0.03447574695774356,
      "accuracy": 0.9780958850472347,
      "tp": 352831,
      "fp": 4335923,
      "fn": 9881349,
      "tn": 634498441,
      "count": 619
    }
  },
  "example_paths": [
    "reports/examples/08_crack_seg_learned.png",
    "reports/examples/08_crack_seg_learned_2.png",
    "reports/examples/08_crack_seg_learned_3.png"
  ]
}
