{
  "threshold": 0.21499999999999997,
  "val": {
    "overall": {
      "precision": 0.9986882378662003,
      "recall": 0.9991251093613298,
      "f1": 0.998906625847365,
      "accuracy": 0.9989010989010989,
      "roc_auc": 0.9998404020168856,
      "count": 4550,
      "positive_count": 2286
    },
    "runway_roboflow": {
      "precision": 0.875,
      "recall": 0.9545454545454546,
      "f1": 0.9130434782608695,
      "accuracy": 0.8888888888888888,
      "roc_auc": 0.9155844155844156,
      "count": 36,
      "positive_count": 22
    },
    "concrete_pavement": {
      "precision": 1.0,
      "recall": 0.9995555555555555,
      "f1": 0.9997777283840854,
      "accuracy": 0.9997777777777778,
      "roc_auc": 0.9998712098765432,
      "count": 4500,
      "positive_count": 2250
    }
  },
  "test": {
    "overall": {
      "precision": 0.9986859395532195,
      "recall": 0.9982486865148862,
      "f1": 0.9984672651631268,
      "accuracy": 0.9984612002637943,
      "roc_auc": 0.9996553430525432,
      "count": 4549,
      "positive_count": 2284
    },
    "runway_roboflow": {
      "precision": 0.8695652173913043,
      "recall": 0.9523809523809523,
      "f1": 0.9090909090909091,
      "accuracy": 0.8888888888888888,
      "roc_auc": 0.9841269841269842,
      "count": 36,
      "positive_count": 21
    },
    "concrete_pavement": {
      "precision": 1.0,
      "recall": 0.9986666666666667,
      "f1": 0.9993328885923949,
      "accuracy": 0.9993333333333333,
      "roc_auc": 0.999659061728395,
      "count": 4500,
      "positive_count": 2250
    }
  },
  "checkpoint": "models/crack_head.pt",
  "manifest": "data/processed/crack_manifest.parquet"
}
