{
  "checkpoint": "models/crack_seg_head.pt",
  "metadata": "models/crack_seg_head.json",
  "manifest": "data/processed/crack_seg_expanded/manifest.jsonl",
  "threshold": 0.875,
  "val": {
    "overall": {
      "iou": 0.49838031311261777,
      "dice": 0.6652253887096549,
      "f1": 0.6652253887096549,
      "precision": 0.5991951185502321,
      "recall": 0.7476108127787385,
      "accuracy": 0.9899894735786352,
      "tp": 928182,
      "fp": 620866,
      "fn": 313349,
      "tn": 91460867,
      "count": 356
    },
    "crackairport": {
      "iou": 0.5277224748826445,
      "dice": 0.6908617023824077,
      "f1": 0.6908617023824077,
      "precision": 0.5981436702341254,
      "recall": 0.8175971362517712,
      "accuracy": 0.9916951444727429,
      "tp": 822237,
      "fp": 552411,
      "fn": 183438,
      "tn": 87046586,
      "count": 338
    },
    "crackforest": {
      "iou": 0.34814712580222207,
      "dice": 0.5164823914823915,
      "f1": 0.5164823914823915,
      "precision": 0.6074827981651376,
      "recall": 0.44919357574113017,
      "accuracy": 0.9579607645670573,
      "tp": 105945,
      "fp": 68455,
      "fn": 129911,
      "tn": 4414281,
      "count": 18
    }
  },
  "test": {
    "overall": {
      "iou": 0.5190847675211149,
      "dice": 0.6834177770976823,
      "f1": 0.6834177770976823,
      "precision": 0.5854764759357585,
      "recall": 0.8207100788422435,
      "accuracy": 0.9911269279523084,
      "tp": 888765,
      "fp": 629255,
      "fn": 194157,
      "tn": 91086799,
      "count": 354
    },
    "crackairport": {
      "iou": 0.5265967414307023,
      "dice": 0.6898963257804208,
      "f1": 0.6898963257804208,
      "precision": 0.589674846278187,
      "recall": 0.8311609184183518,
      "accuracy": 0.9914209609215621,
      "tp": 843054,
      "fp": 586639,
      "fn": 171255,
      "tn": 86741580,
      "count": 337
    },
    "crackforest": {
      "iou": 0.4109629682906436,
      "dice": 0.5825283547852682,
      "f1": 0.5825283547852682,
      "precision": 0.5175201240843683,
      "recall": 0.6662148572427966,
      "accuracy": 0.9852981567382812,
      "tp": 45711,
      "fp": 42616,
      "fn": 22902,
      "tn": 4345219,
      "count": 17
    }
  },
  "comparison": {
    "dinov3_dense_head": {
      "iou": 0.5190847675211149,
      "dice": 0.6834177770976823,
      "f1": 0.6834177770976823,
      "precision": 0.5854764759357585,
      "recall": 0.8207100788422435,
      "accuracy": 0.9911269279523084,
      "tp": 888765,
      "fp": 629255,
      "fn": 194157,
      "tn": 91086799,
      "count": 354
    },
    "classical": {
      "iou": 0.022565520100030403,
      "dice": 0.044135108521599624,
      "f1": 0.044135108521599624,
      "precision": 0.0651152233945012,
      "recall": 0.03338005876692873,
      "accuracy": 0.9831273461465782,
      "tp": 36148,
      "fp": 518991,
      "fn": 1046774,
      "tn": 91197063,
      "count": 354
    }
  },
  "example_paths": [
    "reports/examples/08_crack_seg_learned.png",
    "reports/examples/08_crack_seg_learned_2.png",
    "reports/examples/08_crack_seg_learned_3.png"
  ]
}
