{
  "threshold": 0.25499999999999995,
  "val": {
    "precision": 1.0,
    "recall": 0.999116217410517,
    "f1": 0.9995579133510168,
    "accuracy": 0.9995568358076667,
    "roc_auc": 0.9999988216232141,
    "count": 4513,
    "positive_count": 2263
  },
  "test": {
    "precision": 0.9991158267020336,
    "recall": 0.9986743261157756,
    "f1": 0.9988950276243094,
    "accuracy": 0.9988920895191669,
    "roc_auc": 0.9995869789365149,
    "count": 4513,
    "positive_count": 2263
  },
  "checkpoint": "models/crack_head.pt",
  "manifest": "data/processed/crack_manifest.parquet"
}
