{
  "threshold": 0.48499999999999993,
  "val": {
    "overall": {
      "precision": 0.9904509709516931,
      "recall": 0.9686102173742447,
      "f1": 0.9794088474509026,
      "accuracy": 0.9793621759185621,
      "roc_auc": 0.9958993443160249,
      "count": 25148,
      "positive_count": 12743
    },
    "runway_roboflow": {
      "precision": 0.9,
      "recall": 0.4090909090909091,
      "f1": 0.5625,
      "accuracy": 0.6111111111111112,
      "roc_auc": 0.7207792207792207,
      "count": 36,
      "positive_count": 22
    },
    "concrete_pavement": {
      "precision": 1.0,
      "recall": 0.9968888888888889,
      "f1": 0.9984420209214333,
      "accuracy": 0.9984444444444445,
      "roc_auc": 0.9998913580246913,
      "count": 4500,
      "positive_count": 2250
    }
  },
  "test": {
    "overall": {
      "precision": 0.9918249579225775,
      "recall": 0.9713500784929356,
      "f1": 0.9814807471150414,
      "accuracy": 0.9814284578064105,
      "roc_auc": 0.9967655418669906,
      "count": 25146,
      "positive_count": 12740
    },
    "runway_roboflow": {
      "precision": 1.0,
      "recall": 0.6666666666666666,
      "f1": 0.8,
      "accuracy": 0.8055555555555556,
      "roc_auc": 0.838095238095238,
      "count": 36,
      "positive_count": 21
    },
    "concrete_pavement": {
      "precision": 1.0,
      "recall": 0.9951111111111111,
      "f1": 0.9975495656048118,
      "accuracy": 0.9975555555555555,
      "roc_auc": 0.9998775308641975,
      "count": 4500,
      "positive_count": 2250
    }
  },
  "checkpoint": "models/crack_head.pt",
  "manifest": "data/processed/crack_manifest.parquet"
}
