{
  "requested_model": "facebook/dinov3-vitb16-pretrain-lvd1689m",
  "backbone": "dinov2",
  "model_name": "facebook/dinov2-base",
  "device": "mps",
  "chosen_k": 5,
  "knn": {
    "surface_type": {
      "val": {
        "accuracy": 0.7757731958762887,
        "macro_f1": 0.6713375432156441
      },
      "test": {
        "accuracy": 0.8195876288659794,
        "macro_f1": 0.6734489432136491
      },
      "val_test": {
        "accuracy": 0.7976804123711341,
        "macro_f1": 0.6739661795640037
      }
    },
    "quality": {
      "val": {
        "accuracy": 0.4690721649484536,
        "macro_f1": 0.46020260277766933,
        "mae": 0.6185567010309279,
        "off_by_one_accuracy": 0.9123711340206185
      },
      "test": {
        "accuracy": 0.47164948453608246,
        "macro_f1": 0.46945988306565223,
        "mae": 0.6288659793814433,
        "off_by_one_accuracy": 0.9097938144329897
      },
      "val_test": {
        "accuracy": 0.47036082474226804,
        "macro_f1": 0.46483936378387847,
        "mae": 0.6237113402061856,
        "off_by_one_accuracy": 0.9110824742268041
      }
    }
  },
  "silhouette": {
    "surface_type": 0.03428513556718826,
    "surface_type_quality": -0.028323881328105927
  },
  "cluster_purity": {
    "surface_type": 0.49780749835562377,
    "quality": 0.3967331725498794,
    "surface_type_quality": 0.23470730103047577
  }
}
